Team 1,Team 2,Winner,Margin,Ground,Match Date,Scorecard
Ivory Coast,Sierra Leone,Sierra Leone,168 runs,Lagos,"Nov 23, 2024",T20I # 2974
Nigeria,St Helena,Nigeria,118 runs,Lagos,"Nov 23, 2024",T20I # 2975
Qatar,Cambodia,Qatar,48 runs,Doha,"Nov 23, 2024",T20I # 2973
Botswana,Eswatini,Botswana,48 runs,Lagos,"Nov 23, 2024",T20I # 2972
Bahrain,Bhutan,Bahrain,90 runs,Doha,"Nov 23, 2024",T20I # 2970
Thailand,U.A.E.,U.A.E.,155 runs,Doha,"Nov 23, 2024",T20I # 2971
Bhutan,Saudi Arabia,Saudi Arabia,85 runs,Doha,"Nov 22, 2024",T20I # 2969
Cambodia,U.A.E.,U.A.E.,5 wickets,Doha,"Nov 22, 2024",T20I # 2967
Bahrain,Thailand,Thailand,2 wickets,Doha,"Nov 22, 2024",T20I # 2968
Saudi Arabia,U.A.E.,U.A.E.,17 runs,Doha,"Nov 20, 2024",T20I # 2966
Cambodia,Thailand,Thailand,16 runs,Doha,"Nov 20, 2024",T20I # 2964
Qatar,Bhutan,Qatar,6 wickets,Doha,"Nov 20, 2024",T20I # 2965
Bahrain,Saudi Arabia,Bahrain,3 runs,Doha,"Nov 19, 2024",T20I # 2963
Qatar,Thailand,Qatar,5 wickets,Doha,"Nov 19, 2024",T20I # 2961
Bhutan,U.A.E.,U.A.E.,63 runs,Doha,"Nov 19, 2024",T20I # 2962
Indonesia,Myanmar,Indonesia,4 wickets,Bali,"Nov 19, 2024",T20I # 2960
Australia,Pakistan,Australia,7 wickets,Hobart,"Nov 18, 2024",T20I # 2959
West Indies,England,no result,-,Gros Islet,"Nov 17, 2024",T20I # 2958
Indonesia,Myanmar,Indonesia,114 runs,Bali,"Nov 17, 2024",T20I # 2957
West Indies,England,West Indies,5 wickets,Gros Islet,"Nov 16, 2024",T20I # 2956
Oman,Netherlands,Netherlands,29 runs,Al Amerat,"Nov 16, 2024",T20I # 2955
Australia,Pakistan,Australia,13 runs,Sydney,"Nov 16, 2024",T20I # 2954
Indonesia,Myanmar,Indonesia,4 wickets,Bali,"Nov 16, 2024",T20I # 2953
South Africa,India,India,135 runs,Johannesburg,"Nov 15, 2024",T20I # 2952
Indonesia,Myanmar,Indonesia,5 wickets,Bali,"Nov 15, 2024",T20I # 2951
West Indies,England,England,3 wickets,Gros Islet,"Nov 14, 2024",T20I # 2950
Oman,Netherlands,Netherlands,50 runs,Al Amerat,"Nov 14, 2024",T20I # 2949
Australia,Pakistan,Australia,29 runs,Brisbane,"Nov 14, 2024",T20I # 2948
South Africa,India,India,11 runs,Centurion,"Nov 13, 2024",T20I # 2947
Oman,Netherlands,Oman,3 wickets,Al Amerat,"Nov 13, 2024",T20I # 2946
Indonesia,Myanmar,Indonesia,9 wickets,Bali,"Nov 13, 2024",T20I # 2945
Indonesia,Myanmar,Indonesia,136 runs,Bali,"Nov 12, 2024",T20I # 2944
West Indies,England,England,7 wickets,Bridgetown,"Nov 10, 2024",T20I # 2943
South Africa,India,South Africa,3 wickets,Gqeberha,"Nov 10, 2024",T20I # 2942
Sri Lanka,New Zealand,New Zealand,5 runs,Dambulla,"Nov 10, 2024",T20I # 2941
West Indies,England,England,8 wickets,Bridgetown,"Nov 9, 2024",T20I # 2940
Sri Lanka,New Zealand,Sri Lanka,4 wickets,Dambulla,"Nov 9, 2024",T20I # 2939
South Africa,India,India,61 runs,Durban,"Nov 8, 2024",T20I # 2938
Uganda,Bahrain,Uganda,8 wickets,Jinja,"Oct 29, 2024",T20I # 2937
Uganda,Bahrain,Bahrain,17 runs,Jinja,"Oct 28, 2024",T20I # 2936
Kenya,Zimbabwe,Zimbabwe,61 runs,Nairobi (Gym),"Oct 24, 2024",T20I # 2934
Gambia,Mozambique,Mozambique,6 wickets,Nairobi (Ruaraka),"Oct 24, 2024",T20I # 2935
Rwanda,Seychelles,Rwanda,73 runs,Nairobi (Ruaraka),"Oct 24, 2024",T20I # 2933
Bhutan,Indonesia,Bhutan,1 wicket,Gelephu,"Oct 24, 2024",T20I # 2932
Mozambique,Rwanda,Mozambique,7 wickets,Nairobi (Gym),"Oct 23, 2024",T20I # 2930
Gambia,Zimbabwe,Zimbabwe,290 runs,Nairobi (Ruaraka),"Oct 23, 2024",T20I # 2931
Bhutan,Maldives,Maldives,7 wickets,Gelephu,"Oct 23, 2024",T20I # 2929
Kenya,Seychelles,Kenya,9 wickets,Nairobi (Ruaraka),"Oct 23, 2024",T20I # 2928
Indonesia,Thailand,Thailand,66 runs,Gelephu,"Oct 23, 2024",T20I # 2927
Kenya,Gambia,Kenya,129 runs,Nairobi (Gym),"Oct 22, 2024",T20I # 2925
Rwanda,Zimbabwe,Zimbabwe,149 runs,Nairobi (Ruaraka),"Oct 22, 2024",T20I # 2926
Bhutan,Indonesia,Bhutan,56 runs,Gelephu,"Oct 22, 2024",T20I # 2924
Mozambique,Seychelles,Mozambique,60 runs,Nairobi (Gym),"Oct 22, 2024",T20I # 2923
Maldives,Thailand,Thailand,44 runs,Gelephu,"Oct 22, 2024",T20I # 2922
U.S.A.,Nepal,Nepal,8 wickets,Dallas,"Oct 20, 2024",T20I # 2921
Kenya,Rwanda,Kenya,5 wickets,Nairobi (Gym),"Oct 20, 2024",T20I # 2920
Indonesia,Thailand,Thailand,6 wickets,Gelephu,"Oct 20, 2024",T20I # 2919
Mozambique,Zimbabwe,Zimbabwe,9 wickets,Nairobi (Gym),"Oct 20, 2024",T20I # 2918
Bhutan,Maldives,Bhutan,4 wickets,Gelephu,"Oct 20, 2024",T20I # 2917
U.S.A.,Nepal,tied,-,Dallas,"Oct 19, 2024",T20I # 2916
Seychelles,Zimbabwe,Zimbabwe,76 runs,Nairobi (Gym),"Oct 19, 2024",T20I # 2914
Kenya,Mozambique,Kenya,111 runs,Nairobi (Ruaraka),"Oct 19, 2024",T20I # 2915
Indonesia,Maldives,Maldives,23 runs,Gelephu,"Oct 19, 2024",T20I # 2913
Bhutan,Thailand,Thailand,77 runs,Gelephu,"Oct 19, 2024",T20I # 2912
Kenya,Seychelles,Kenya,91 runs,Nairobi,"Oct 18, 2024",T20I # 2911
U.S.A.,Nepal,Nepal,17 runs,Dallas,"Oct 17, 2024",T20I # 2910
Sri Lanka,West Indies,Sri Lanka,9 wickets,Dambulla,"Oct 17, 2024",T20I # 2909
Sri Lanka,West Indies,Sri Lanka,73 runs,Dambulla,"Oct 15, 2024",T20I # 2908
Sri Lanka,West Indies,West Indies,5 wickets,Dambulla,"Oct 13, 2024",T20I # 2907
Argentina,Mexico,Argentina,8 wickets,Seropedica,"Oct 13, 2024",T20I # 2906
Malawi,Rwanda,Rwanda,6 wickets,Blantyre,"Oct 13, 2024",T20I # 2905
India,Bangladesh,India,133 runs,Hyderabad,"Oct 12, 2024",T20I # 2904
Brazil,Mexico,Brazil,7 runs,Seropedica,"Oct 12, 2024",T20I # 2903
Malawi,Rwanda,Malawi,6 wickets,Blantyre,"Oct 12, 2024",T20I # 2902
Malawi,Rwanda,Malawi,5 runs,Blantyre,"Oct 12, 2024",T20I # 2901
Malawi,Rwanda,Rwanda,9 wickets,Blantyre,"Oct 10, 2024",T20I # 2900
India,Bangladesh,India,86 runs,Delhi,"Oct 9, 2024",T20I # 2899
Malawi,Rwanda,Rwanda,8 wickets,Blantyre,"Oct 9, 2024",T20I # 2898
India,Bangladesh,India,7 wickets,Gwalior,"Oct 6, 2024",T20I # 2897
Namibia,U.S.A.,U.S.A.,6 wickets,Windhoek,"Oct 5, 2024",T20I # 2896
Indonesia,Japan,Japan,144 runs,Incheon,"Oct 5, 2024",T20I # 2895
South Korea,Philippines,Philippines,101 runs,Incheon,"Oct 5, 2024",T20I # 2894
U.A.E.,U.S.A.,U.A.E.,6 runs,Windhoek,"Oct 4, 2024",T20I # 2893
South Korea,Japan,Japan,108 runs,Incheon,"Oct 4, 2024",T20I # 2892
Indonesia,Philippines,Indonesia,3 runs,Incheon,"Oct 4, 2024",T20I # 2891
Canada,Oman,Canada,5 wickets,King City (NW),"Oct 3, 2024",T20I # 2890
Nepal,Oman,Nepal,56 runs,King City (NW),"Oct 2, 2024",T20I # 2889
Namibia,U.A.E.,U.A.E.,6 wickets,Windhoek,"Oct 2, 2024",T20I # 2888
South Korea,Indonesia,Indonesia,27 runs,Incheon,"Oct 2, 2024",T20I # 2887
Japan,Philippines,Japan,27 runs,Incheon,"Oct 2, 2024",T20I # 2886
Canada,Nepal,Canada,4 wickets,King City (NW),"Oct 1, 2024",T20I # 2885
Namibia,U.S.A.,U.S.A.,13 runs,Windhoek,"Oct 1, 2024",T20I # 2884
South Korea,Philippines,Philippines,37 runs,Incheon,"Oct 1, 2024",T20I # 2883
Indonesia,Japan,Japan,53 runs,Incheon,"Oct 1, 2024",T20I # 2882
Canada,Oman,Oman,8 wickets,King City (NW),"Sep 30, 2024",T20I # 2880
Gibraltar,Serbia,Gibraltar,8 wickets,Gibraltar,"Sep 30, 2024",T20I # 2881
U.A.E.,U.S.A.,U.S.A.,15 runs,Windhoek,"Sep 30, 2024",T20I # 2879
Gibraltar,Serbia,Gibraltar,7 wickets,Gibraltar,"Sep 30, 2024",T20I # 2878
Nepal,Oman,Nepal,37 runs,King City (NW),"Sep 29, 2024",T20I # 2877
Ireland,South Africa,Ireland,10 runs,Abu Dhabi,"Sep 29, 2024",T20I # 2876
Namibia,U.A.E.,U.A.E.,40 runs,Windhoek,"Sep 29, 2024",T20I # 2875
South Korea,Japan,Japan,7 wickets,Incheon,"Sep 29, 2024",T20I # 2874
Indonesia,Philippines,Philippines,42 runs,Incheon,"Sep 29, 2024",T20I # 2873
Canada,Nepal,Canada,14 runs,King City (NW),"Sep 28, 2024",T20I # 2872
South Korea,Indonesia,Indonesia,2 wickets,Incheon,"Sep 28, 2024",T20I # 2871
Japan,Philippines,Japan,2 wickets,Incheon,"Sep 28, 2024",T20I # 2870
Ireland,South Africa,South Africa,8 wickets,Abu Dhabi,"Sep 27, 2024",T20I # 2869
Tanzania,Malawi,Tanzania,19 runs,Dar-es-Salaam,"Sep 26, 2024",T20I # 2868
Ghana,Mali,Ghana,10 wickets,Dar-es-Salaam,"Sep 26, 2024",T20I # 2866
Cameroon,Lesotho,Cameroon,9 wickets,Dar-es-Salaam,"Sep 26, 2024",T20I # 2867
Japan,Philippines,Japan,47 runs,Incheon,"Sep 26, 2024",T20I # 2865
Lesotho,Mali,Lesotho,112 runs,Dar-es-Salaam,"Sep 25, 2024",T20I # 2863
Cameroon,Malawi,Malawi,9 wickets,Dar-es-Salaam,"Sep 25, 2024",T20I # 2864
Tanzania,Ghana,Tanzania,7 wickets,Dar-es-Salaam,"Sep 25, 2024",T20I # 2862
Indonesia,Japan,Japan,4 runs,Incheon,"Sep 25, 2024",T20I # 2861
Tanzania,Cameroon,Tanzania,9 wickets,Dar-es-Salaam,"Sep 24, 2024",T20I # 2859
Malawi,Mali,Malawi,9 wickets,Dar-es-Salaam,"Sep 24, 2024",T20I # 2860
Ghana,Lesotho,Ghana,50 runs,Dar-es-Salaam,"Sep 24, 2024",T20I # 2858
Tanzania,Lesotho,Tanzania,122 runs,Dar-es-Salaam,"Sep 22, 2024",T20I # 2857
Cameroon,Mali,Cameroon,6 wickets,Dar-es-Salaam,"Sep 22, 2024",T20I # 2855
Ghana,Malawi,Malawi,25 runs,Dar-es-Salaam,"Sep 22, 2024",T20I # 2856
Cameroon,Ghana,Ghana,8 wickets,Dar-es-Salaam,"Sep 21, 2024",T20I # 2853
Tanzania,Mali,Tanzania,10 wickets,Dar-es-Salaam,"Sep 21, 2024",T20I # 2854
Lesotho,Malawi,Malawi,93 runs,Dar-es-Salaam,"Sep 21, 2024",T20I # 2852
England,Australia,England,3 wickets,Cardiff,"Sep 13, 2024",T20I # 2851
England,Australia,Australia,28 runs,Southampton,"Sep 11, 2024",T20I # 2850
Hong Kong,Kuwait,no result,-,Bangi,"Sep 9, 2024",T20I # 2849
Myanmar,Singapore,Singapore,8 wickets,Kuala Lumpur,"Sep 9, 2024",T20I # 2847
Malaysia,Mongolia,Malaysia,10 wickets,Bangi,"Sep 9, 2024",T20I # 2848
Scotland,Australia,Australia,6 wickets,Edinburgh,"Sep 7, 2024",T20I # 2846
Malaysia,Hong Kong,Malaysia,3 runs,Kuala Lumpur,"Sep 7, 2024",T20I # 2845
Scotland,Australia,Australia,70 runs,Edinburgh,"Sep 6, 2024",T20I # 2844
Maldives,Mongolia,Maldives,117 runs,Kuala Lumpur,"Sep 6, 2024",T20I # 2842
Kuwait,Singapore,Singapore,5 wickets,Bangi,"Sep 6, 2024",T20I # 2843
Maldives,Myanmar,Maldives,9 wickets,Kuala Lumpur,"Sep 5, 2024",T20I # 2841
Malaysia,Kuwait,Kuwait,8 wickets,Kuala Lumpur,"Sep 5, 2024",T20I # 2839
Mongolia,Singapore,Singapore,9 wickets,Bangi,"Sep 5, 2024",T20I # 2840
Scotland,Australia,Australia,7 wickets,Edinburgh,"Sep 4, 2024",T20I # 2838
Kuwait,Myanmar,Kuwait,8 wickets,Kuala Lumpur,"Sep 3, 2024",T20I # 2836
Malaysia,Singapore,Malaysia,1 run,Bangi,"Sep 3, 2024",T20I # 2837
Hong Kong,Maldives,Hong Kong,9 wickets,Bangi,"Sep 3, 2024",T20I # 2835
Mongolia,Myanmar,Myanmar,71 runs,Bangi,"Sep 2, 2024",T20I # 2834
Hong Kong,Singapore,Hong Kong,23 runs,Kuala Lumpur,"Sep 2, 2024",T20I # 2832
Kuwait,Maldives,Kuwait,142 runs,Bangi,"Sep 2, 2024",T20I # 2833
Hong Kong,Mongolia,Hong Kong,9 wickets,Kuala Lumpur,"Aug 31, 2024",T20I # 2831
Maldives,Singapore,Singapore,47 runs,Kuala Lumpur,"Aug 31, 2024",T20I # 2829
Malaysia,Myanmar,Malaysia,6 wickets,Bangi,"Aug 31, 2024",T20I # 2830
Kuwait,Mongolia,Kuwait,160 runs,Kuala Lumpur,"Aug 30, 2024",T20I # 2828
Malaysia,Maldives,Malaysia,94 runs,Kuala Lumpur,"Aug 30, 2024",T20I # 2826
Hong Kong,Myanmar,Hong Kong,9 wickets,Bangi,"Aug 30, 2024",T20I # 2827
Czech Rep.,Estonia,Estonia,7 wickets,Port Soif,"Aug 28, 2024",T20I # 2824
Guernsey,Denmark,Guernsey,6 wickets,Castel,"Aug 28, 2024",T20I # 2825
Netherlands,U.S.A.,Netherlands,4 runs,The Hague,"Aug 28, 2024",T20I # 2823
Cyprus,Malta,Cyprus,6 runs,Port Soif,"Aug 28, 2024",T20I # 2821
Finland,Spain,Spain,46 runs,Castel,"Aug 28, 2024",T20I # 2822
West Indies,South Africa,West Indies,8 wickets,Tarouba,"Aug 27, 2024",T20I # 2820
Czech Rep.,Greece,Czech Rep.,75 runs,Castel,"Aug 27, 2024",T20I # 2818
Estonia,Malta,Estonia,5 wickets,Port Soif,"Aug 27, 2024",T20I # 2819
Canada,U.S.A.,U.S.A.,20 runs,The Hague,"Aug 27, 2024",T20I # 2817
Cyprus,Denmark,Denmark,142 runs,Castel,"Aug 27, 2024",T20I # 2815
Bulgaria,Finland,Finland,125 runs,Port Soif,"Aug 27, 2024",T20I # 2816
Hong Kong,Kuwait,Kuwait,8 wickets,Kuala Lumpur,"Aug 27, 2024",T20I # 2814
Netherlands,Canada,Canada,8 runs,Utrecht,"Aug 26, 2024",T20I # 2813
Malaysia,Hong Kong,Hong Kong,7 runs,Kuala Lumpur,"Aug 26, 2024",T20I # 2812
West Indies,South Africa,West Indies,30 runs,Tarouba,"Aug 25, 2024",T20I # 2811
Guernsey,Estonia,Guernsey,5 wickets,Castel,"Aug 25, 2024",T20I # 2809
Greece,Spain,Spain,7 wickets,Port Soif,"Aug 25, 2024",T20I # 2810
Netherlands,U.S.A.,Netherlands,102 runs,Utrecht,"Aug 25, 2024",T20I # 2808
Bulgaria,Malta,Malta,61 runs,Castel,"Aug 25, 2024",T20I # 2806
Cyprus,Czech Rep.,Czech Rep.,4 wickets,Port Soif,"Aug 25, 2024",T20I # 2807
Malaysia,Kuwait,Kuwait,18 runs,Kuala Lumpur,"Aug 25, 2024",T20I # 2805
Cyprus,Greece,Cyprus,8 wickets,Castel,"Aug 24, 2024",T20I # 2803
Bulgaria,Estonia,Estonia,7 wickets,Port Soif,"Aug 24, 2024",T20I # 2804
Canada,U.S.A.,no result,-,Utrecht,"Aug 24, 2024",T20I # 2802
Guernsey,Finland,Finland,4 runs,Port Soif,"Aug 24, 2024",T20I # 2801
Hong Kong,Kuwait,Kuwait,2 wickets,Kuala Lumpur,"Aug 24, 2024",T20I # 2800
Samoa,Vanuatu,Samoa,8 runs,Apia (No 2),"Aug 24, 2024",T20I # 2799
Cook Islands,Fiji,Fiji,9 runs,Apia (No 2),"Aug 24, 2024",T20I # 2798
West Indies,South Africa,West Indies,7 wickets,Tarouba,"Aug 23, 2024",T20I # 2797
Netherlands,Canada,Netherlands,5 wickets,Utrecht,"Aug 23, 2024",T20I # 2796
Malaysia,Hong Kong,Hong Kong,6 wickets,Kuala Lumpur,"Aug 23, 2024",T20I # 2795
Samoa,Cook Islands,Cook Islands,8 wickets,Apia (No 2),"Aug 23, 2024",T20I # 2794
Fiji,Vanuatu,Fiji,5 wickets,Apia (No 2),"Aug 23, 2024",T20I # 2793
Guernsey,Malta,Guernsey,8 wickets,Castel,"Aug 22, 2024",T20I # 2791
Czech Rep.,Spain,Spain,1 run,Port Soif,"Aug 22, 2024",T20I # 2792
Estonia,Finland,Estonia,8 wickets,Castel,"Aug 22, 2024",T20I # 2789
Denmark,Greece,Denmark,32 runs,Port Soif,"Aug 22, 2024",T20I # 2790
Malaysia,Kuwait,Malaysia,5 wickets,Kuala Lumpur,"Aug 22, 2024",T20I # 2788
Czech Rep.,Denmark,Denmark,118 runs,Castel,"Aug 21, 2024",T20I # 2786
Finland,Malta,Finland,9 wickets,Port Soif,"Aug 21, 2024",T20I # 2787
Cyprus,Spain,Spain,15 runs,Castel,"Aug 21, 2024",T20I # 2784
Guernsey,Bulgaria,Guernsey,8 wickets,Port Soif,"Aug 21, 2024",T20I # 2785
Hong Kong,Kuwait,Kuwait,4 wickets,Kuala Lumpur,"Aug 21, 2024",T20I # 2783
Cook Islands,Vanuatu,Cook Islands,7 wickets,Apia (No 2),"Aug 21, 2024",T20I # 2782
Samoa,Fiji,Samoa,73 runs,Apia (No 2),"Aug 21, 2024",T20I # 2781
Cook Islands,Fiji,Fiji,104 runs,Apia (No 2),"Aug 20, 2024",T20I # 2780
Samoa,Vanuatu,Samoa,10 runs,Apia (No 2),"Aug 20, 2024",T20I # 2779
Fiji,Vanuatu,Vanuatu,36 runs,Apia (No 2),"Aug 19, 2024",T20I # 2778
Samoa,Cook Islands,Cook Islands,7 wickets,Apia (No 2),"Aug 19, 2024",T20I # 2777
Samoa,Fiji,Samoa,9 wickets,Apia (No 2),"Aug 17, 2024",T20I # 2776
Cook Islands,Vanuatu,Cook Islands,9 wickets,Apia (No 2),"Aug 17, 2024",T20I # 2775
Croatia,Spain,Spain,161 runs,Zagreb,"Aug 4, 2024",T20I # 2774
Croatia,Spain,Spain,140 runs,Zagreb,"Aug 4, 2024",T20I # 2773
Croatia,Spain,Spain,8 wickets,Zagreb,"Aug 3, 2024",T20I # 2772
Croatia,Spain,Spain,6 wickets,Zagreb,"Aug 3, 2024",T20I # 2771
Croatia,Spain,Spain,4 wickets,Zagreb,"Aug 2, 2024",T20I # 2770
Sri Lanka,India,tied,-,Pallekele,"Jul 30, 2024",T20I # 2769
Sri Lanka,India,India,7 wickets,Pallekele,"Jul 28, 2024",T20I # 2768
Sri Lanka,India,India,43 runs,Pallekele,"Jul 27, 2024",T20I # 2767
Kenya,Nigeria,Kenya,4 wickets,Nairobi,"Jul 17, 2024",T20I # 2766
Kenya,Nigeria,Nigeria,14 runs,Nairobi,"Jul 16, 2024",T20I # 2765
Kenya,Nigeria,Nigeria,3 wickets,Nairobi,"Jul 15, 2024",T20I # 2764
Jersey,Norway,Jersey,6 wickets,Krefeld,"Jul 14, 2024",T20I # 2763
Zimbabwe,India,India,42 runs,Harare,"Jul 14, 2024",T20I # 2762
Germany,Croatia,Germany,8 wickets,Krefeld,"Jul 14, 2024",T20I # 2761
Slovenia,Sweden,Sweden,6 wickets,Krefeld,"Jul 13, 2024",T20I # 2760
Croatia,Switzerland,Switzerland,7 wickets,Krefeld,"Jul 13, 2024",T20I # 2758
Zimbabwe,India,India,10 wickets,Harare,"Jul 13, 2024",T20I # 2759
Kenya,Nigeria,Kenya,4 wickets,Nairobi,"Jul 13, 2024",T20I # 2757
Gibraltar,Norway,Norway,6 runs,Krefeld,"Jul 13, 2024",T20I # 2756
Belgium,Serbia,Belgium,77 runs,Krefeld,"Jul 12, 2024",T20I # 2755
Kenya,Nigeria,Kenya,29 runs,Nairobi,"Jul 12, 2024",T20I # 2754
Serbia,Switzerland,Switzerland,40 runs,Krefeld,"Jul 11, 2024",T20I # 2753
Gibraltar,Sweden,Sweden,8 wickets,Krefeld,"Jul 11, 2024",T20I # 2752
Germany,Norway,Norway,11 runs,Krefeld,"Jul 11, 2024",T20I # 2751
Gibraltar,Slovenia,Slovenia,1 wicket,Krefeld,"Jul 10, 2024",T20I # 2750
Belgium,Jersey,Jersey,108 runs,Krefeld,"Jul 10, 2024",T20I # 2748
Zimbabwe,India,India,23 runs,Harare,"Jul 10, 2024",T20I # 2749
Croatia,Serbia,Croatia,28 runs,Krefeld,"Jul 10, 2024",T20I # 2747
Jersey,Switzerland,Jersey,167 runs,Krefeld,"Jul 9, 2024",T20I # 2746
Germany,Sweden,Germany,2 runs,Krefeld,"Jul 9, 2024",T20I # 2745
Norway,Slovenia,Norway,8 wickets,Krefeld,"Jul 9, 2024",T20I # 2744
Belgium,Croatia,Croatia,6 runs,Krefeld,"Jul 8, 2024",T20I # 2743
Norway,Sweden,Norway,53 runs,Krefeld,"Jul 8, 2024",T20I # 2742
Germany,Gibraltar,Germany,44 runs,Krefeld,"Jul 8, 2024",T20I # 2741
Belgium,Switzerland,Belgium,2 wickets,Krefeld,"Jul 7, 2024",T20I # 2740
Zimbabwe,India,India,100 runs,Harare,"Jul 7, 2024",T20I # 2739
Jersey,Serbia,Jersey,165 runs,Krefeld,"Jul 7, 2024",T20I # 2738
Zimbabwe,India,Zimbabwe,13 runs,Harare,"Jul 6, 2024",T20I # 2737
Malawi,Rwanda,Malawi,21 runs,Nairobi,"Jul 6, 2024",T20I # 2736
Kenya,Rwanda,Kenya,49 runs,Nairobi,"Jul 5, 2024",T20I # 2735
Kenya,Malawi,Kenya,67 runs,Nairobi,"Jul 4, 2024",T20I # 2734
Kenya,Rwanda,Kenya,4 wickets,Nairobi,"Jul 3, 2024",T20I # 2733
Malawi,Rwanda,Rwanda,9 wickets,Nairobi,"Jul 2, 2024",T20I # 2732
Kenya,Malawi,Kenya,9 wickets,Nairobi,"Jul 1, 2024",T20I # 2731
Slovenia,Serbia,Serbia,27 runs,Ljubljana,"Jun 30, 2024",T20I # 2730
India,South Africa,India,7 runs,Bridgetown,"Jun 29, 2024",T20I # 2729
Slovenia,Serbia,Slovenia,84 runs,Ljubljana,"Jun 29, 2024",T20I # 2728
Kenya,Rwanda,Kenya,6 wickets,Nairobi,"Jun 29, 2024",T20I # 2727
Slovenia,Serbia,Slovenia,43 runs,Ljubljana,"Jun 29, 2024",T20I # 2726
Malawi,Rwanda,Malawi,58 runs,Nairobi,"Jun 28, 2024",T20I # 2725
England,India,India,68 runs,Providence,"Jun 27, 2024",T20I # 2724
Afghanistan,South Africa,South Africa,9 wickets,Tarouba,"Jun 26, 2024",T20I # 2723
Afghanistan,Bangladesh,Afghanistan,8 runs,Kingstown,"Jun 24, 2024",T20I # 2722
Australia,India,India,24 runs,Gros Islet,"Jun 24, 2024",T20I # 2721
West Indies,South Africa,South Africa,3 wickets,North Sound,"Jun 23, 2024",T20I # 2720
England,U.S.A.,England,10 wickets,Bridgetown,"Jun 23, 2024",T20I # 2719
Guernsey,Jersey,Guernsey,4 wickets,Port Soif,"Jun 23, 2024",T20I # 2718
Afghanistan,Australia,Afghanistan,21 runs,Kingstown,"Jun 22, 2024",T20I # 2717
Bangladesh,India,India,50 runs,North Sound,"Jun 22, 2024",T20I # 2716
Guernsey,Jersey,Jersey,8 wickets,Castel,"Jun 22, 2024",T20I # 2715
Guernsey,Jersey,Jersey,7 wickets,Castel,"Jun 22, 2024",T20I # 2714
West Indies,U.S.A.,West Indies,9 wickets,Bridgetown,"Jun 21, 2024",T20I # 2713
England,South Africa,South Africa,7 runs,Gros Islet,"Jun 21, 2024",T20I # 2712
Australia,Bangladesh,Australia,28 runs,North Sound,"Jun 20, 2024",T20I # 2711
Afghanistan,India,India,47 runs,Bridgetown,"Jun 20, 2024",T20I # 2710
West Indies,England,England,8 wickets,Gros Islet,"Jun 19, 2024",T20I # 2709
South Africa,U.S.A.,South Africa,18 runs,North Sound,"Jun 19, 2024",T20I # 2708
Cyprus,Estonia,Estonia,31 runs,Episkopi,"Jun 19, 2024",T20I # 2707
Cyprus,Estonia,Cyprus,4 wickets,Episkopi,"Jun 19, 2024",T20I # 2706
Cyprus,Estonia,Estonia,26 runs,Episkopi,"Jun 18, 2024",T20I # 2705
Cyprus,Estonia,Cyprus,12 runs,Episkopi,"Jun 18, 2024",T20I # 2704
West Indies,Afghanistan,West Indies,104 runs,Gros Islet,"Jun 17, 2024",T20I # 2703
New Zealand,P.N.G.,New Zealand,7 wickets,Tarouba,"Jun 17, 2024",T20I # 2702
Cyprus,Estonia,Estonia,6 wickets,Episkopi,"Jun 17, 2024",T20I # 2701
Cyprus,Estonia,Estonia,5 wickets,Episkopi,"Jun 17, 2024",T20I # 2700
Netherlands,Sri Lanka,Sri Lanka,83 runs,Gros Islet,"Jun 16, 2024",T20I # 2699
Bangladesh,Nepal,Bangladesh,21 runs,Kingstown,"Jun 16, 2024",T20I # 2698
Ireland,Pakistan,Pakistan,3 wickets,Lauderhill,"Jun 16, 2024",T20I # 2697
Isle of Man,Portugal,Portugal,88 runs,Spinaceto,"Jun 16, 2024",T20I # 2695
Italy,Romania,Italy,160 runs,Rome,"Jun 16, 2024",T20I # 2696
Denmark,Jersey,Jersey,96 runs,Brondby,"Jun 16, 2024",T20I # 2694
Finland,Norway,Norway,9 wickets,Kerava,"Jun 16, 2024",T20I # 2693
Denmark,Jersey,Jersey,6 wickets,Brondby,"Jun 16, 2024",T20I # 2692
Austria,France,Austria,6 wickets,Rome,"Jun 16, 2024",T20I # 2690
Israel,Luxembourg,Israel,2 wickets,Spinaceto,"Jun 16, 2024",T20I # 2691
Australia,Scotland,Australia,5 wickets,Gros Islet,"Jun 15, 2024",T20I # 2689
England,Namibia,England,41 runs,North Sound,"Jun 15, 2024",T20I # 2688
France,Turkey,France,40 runs,Spinaceto,"Jun 15, 2024",T20I # 2686
Israel,Romania,Romania,24 runs,Rome,"Jun 15, 2024",T20I # 2687
Finland,Norway,Norway,7 wickets,Kerava,"Jun 15, 2024",T20I # 2685
Isle of Man,Luxembourg,Isle of Man,63 runs,Spinaceto,"Jun 15, 2024",T20I # 2683
Austria,Hungary,Austria,14 runs,Rome,"Jun 15, 2024",T20I # 2684
New Zealand,Uganda,New Zealand,9 wickets,Tarouba,"Jun 14, 2024",T20I # 2682
Nepal,South Africa,South Africa,1 run,Kingstown,"Jun 14, 2024",T20I # 2681
Finland,Norway,Norway,97 runs,Kerava,"Jun 14, 2024",T20I # 2680
Afghanistan,P.N.G.,Afghanistan,7 wickets,Tarouba,"Jun 13, 2024",T20I # 2679
England,Oman,England,8 wickets,North Sound,"Jun 13, 2024",T20I # 2678
Bangladesh,Netherlands,Bangladesh,25 runs,Kingstown,"Jun 13, 2024",T20I # 2677
Israel,Portugal,Israel,2 wickets,Spinaceto,"Jun 13, 2024",T20I # 2675
Italy,Turkey,Italy,9 wickets,Rome,"Jun 13, 2024",T20I # 2676
Hungary,Romania,Romania,8 wickets,Spinaceto,"Jun 13, 2024",T20I # 2673
France,Luxembourg,France,13 runs,Rome,"Jun 13, 2024",T20I # 2674
West Indies,New Zealand,West Indies,13 runs,Tarouba,"Jun 12, 2024",T20I # 2672
U.S.A.,India,India,7 wickets,New York,"Jun 12, 2024",T20I # 2671
Luxembourg,Turkey,Luxembourg,73 runs,Spinaceto,"Jun 12, 2024",T20I # 2669
Hungary,Israel,Hungary,1 wicket,Rome,"Jun 12, 2024",T20I # 2670
Italy,Isle of Man,Italy,7 wickets,Spinaceto,"Jun 12, 2024",T20I # 2667
Austria,Portugal,Austria,7 wickets,Rome,"Jun 12, 2024",T20I # 2668
Australia,Namibia,Australia,9 wickets,North Sound,"Jun 11, 2024",T20I # 2666
Canada,Pakistan,Pakistan,7 wickets,New York,"Jun 11, 2024",T20I # 2665
Bangladesh,South Africa,South Africa,4 runs,New York,"Jun 10, 2024",T20I # 2664
Portugal,Romania,Romania,6 wickets,Spinaceto,"Jun 10, 2024",T20I # 2662
Italy,France,Italy,5 wickets,Rome,"Jun 10, 2024",T20I # 2663
Austria,Israel,Austria,7 wickets,Spinaceto,"Jun 10, 2024",T20I # 2660
Isle of Man,Turkey,Isle of Man,81 runs,Rome,"Jun 10, 2024",T20I # 2661
Oman,Scotland,Scotland,7 wickets,North Sound,"Jun 9, 2024",T20I # 2659
India,Pakistan,India,6 runs,New York,"Jun 9, 2024",T20I # 2658
Belgium,Guernsey,Guernsey,7 wickets,Waterloo,"Jun 9, 2024",T20I # 2657
France,Isle of Man,France,16 runs,Spinaceto,"Jun 9, 2024",T20I # 2655
Austria,Romania,Romania,3 wickets,Rome,"Jun 9, 2024",T20I # 2656
Belgium,Guernsey,Belgium,6 wickets,Waterloo,"Jun 9, 2024",T20I # 2654
Italy,Luxembourg,Italy,77 runs,Spinaceto,"Jun 9, 2024",T20I # 2652
Hungary,Portugal,Portugal,15 runs,Rome,"Jun 9, 2024",T20I # 2653
West Indies,Uganda,West Indies,134 runs,Providence,"Jun 8, 2024",T20I # 2651
Australia,England,Australia,36 runs,Bridgetown,"Jun 8, 2024",T20I # 2650
Netherlands,South Africa,South Africa,4 wickets,New York,"Jun 8, 2024",T20I # 2649
Belgium,Guernsey,Belgium,4 wickets,Waterloo,"Jun 8, 2024",T20I # 2648
Belgium,Guernsey,Guernsey,6 wickets,Waterloo,"Jun 8, 2024",T20I # 2647
Bangladesh,Sri Lanka,Bangladesh,2 wickets,Dallas,"Jun 7, 2024",T20I # 2646
Afghanistan,New Zealand,Afghanistan,84 runs,Providence,"Jun 7, 2024",T20I # 2645
Canada,Ireland,Canada,12 runs,New York,"Jun 7, 2024",T20I # 2644
Namibia,Scotland,Scotland,5 wickets,Bridgetown,"Jun 6, 2024",T20I # 2643
U.S.A.,Pakistan,tied,-,Dallas,"Jun 6, 2024",T20I # 2642
Australia,Oman,Australia,39 runs,Bridgetown,"Jun 5, 2024",T20I # 2641
P.N.G.,Uganda,Uganda,3 wickets,Providence,"Jun 5, 2024",T20I # 2640
India,Ireland,India,8 wickets,New York,"Jun 5, 2024",T20I # 2639
Nepal,Netherlands,Netherlands,6 wickets,Dallas,"Jun 4, 2024",T20I # 2638
England,Scotland,no result,-,Bridgetown,"Jun 4, 2024",T20I # 2637
Afghanistan,Uganda,Afghanistan,125 runs,Providence,"Jun 3, 2024",T20I # 2636
South Africa,Sri Lanka,South Africa,6 wickets,New York,"Jun 3, 2024",T20I # 2635
Namibia,Oman,tied,-,Bridgetown,"Jun 2, 2024",T20I # 2634
West Indies,P.N.G.,West Indies,5 wickets,Providence,"Jun 2, 2024",T20I # 2633
U.S.A.,Canada,U.S.A.,7 wickets,Dallas,"Jun 1, 2024",T20I # 2632
England,Pakistan,England,7 wickets,The Oval,"May 30, 2024",T20I # 2631
West Indies,South Africa,West Indies,8 wickets,Kingston,"May 26, 2024",T20I # 2630
Austria,Belgium,Austria,75 runs,Lower Austria,"May 26, 2024",T20I # 2629
Romania,Bulgaria,Romania,74 runs,Ilfov County,"May 26, 2024",T20I # 2628
Austria,Belgium,Belgium,9 wickets,Lower Austria,"May 26, 2024",T20I # 2627
West Indies,South Africa,West Indies,16 runs,Kingston,"May 25, 2024",T20I # 2626
U.S.A.,Bangladesh,Bangladesh,10 wickets,Prairie View,"May 25, 2024",T20I # 2625
Romania,Gibraltar,Gibraltar,6 wickets,Ilfov County,"May 25, 2024",T20I # 2624
England,Pakistan,England,23 runs,Birmingham,"May 25, 2024",T20I # 2623
Austria,Belgium,Austria,6 wickets,Lower Austria,"May 25, 2024",T20I # 2622
Austria,Belgium,Belgium,6 wickets,Lower Austria,"May 25, 2024",T20I # 2621
Romania,Bulgaria,Romania,7 wickets,Ilfov County,"May 24, 2024",T20I # 2620
Netherlands,Ireland,Ireland,3 runs,The Hague,"May 24, 2024",T20I # 2619
Bulgaria,Gibraltar,Gibraltar,5 wickets,Ilfov County,"May 24, 2024",T20I # 2618
West Indies,South Africa,West Indies,28 runs,Kingston,"May 23, 2024",T20I # 2617
U.S.A.,Bangladesh,U.S.A.,6 runs,Prairie View,"May 23, 2024",T20I # 2616
Ireland,Scotland,Ireland,5 wickets,The Hague,"May 23, 2024",T20I # 2615
Netherlands,Scotland,Scotland,71 runs,The Hague,"May 22, 2024",T20I # 2614
U.S.A.,Bangladesh,U.S.A.,5 wickets,Prairie View,"May 21, 2024",T20I # 2613
Netherlands,Ireland,Ireland,1 run,The Hague,"May 19, 2024",T20I # 2612
Netherlands,Scotland,Netherlands,41 runs,The Hague,"May 18, 2024",T20I # 2611
Ireland,Pakistan,Pakistan,6 wickets,Dublin,"May 14, 2024",T20I # 2610
Ireland,Pakistan,Pakistan,7 wickets,Dublin,"May 12, 2024",T20I # 2609
France,Belgium,Belgium,15 runs,Dreux,"May 12, 2024",T20I # 2608
Bangladesh,Zimbabwe,Zimbabwe,8 wickets,Mirpur,"May 12, 2024",T20I # 2607
Japan,Mongolia,Japan,157 runs,Sano,"May 12, 2024",T20I # 2606
France,Belgium,France,7 wickets,Dreux,"May 11, 2024",T20I # 2605
Belgium,Malta,Belgium,7 wickets,Dreux,"May 11, 2024",T20I # 2604
Japan,Mongolia,Japan,158 runs,Sano,"May 11, 2024",T20I # 2603
Japan,Mongolia,Japan,180 runs,Sano,"May 11, 2024",T20I # 2602
Ireland,Pakistan,Ireland,5 wickets,Dublin,"May 10, 2024",T20I # 2601
Belgium,Malta,Belgium,16 runs,Dreux,"May 10, 2024",T20I # 2600
Bangladesh,Zimbabwe,Bangladesh,5 runs,Mirpur,"May 10, 2024",T20I # 2599
France,Belgium,tied,-,Dreux,"May 10, 2024",T20I # 2598
France,Malta,France,86 runs,Dreux,"May 9, 2024",T20I # 2597
France,Malta,France,9 runs,Dreux,"May 9, 2024",T20I # 2596
Japan,Mongolia,Japan,10 wickets,Sano,"May 9-10, 2024",T20I # 2595
Japan,Mongolia,no result,-,Sano,"May 8, 2024",T20I # 2594
Japan,Mongolia,Japan,205 runs,Sano,"May 8, 2024",T20I # 2593
Bangladesh,Zimbabwe,Bangladesh,9 runs,Chattogram,"May 7, 2024",T20I # 2592
Japan,Mongolia,Japan,166 runs,Sano,"May 7, 2024",T20I # 2591
Indonesia,Thailand,Thailand,6 wickets,Bali,"May 6, 2024",T20I # 2590
Bangladesh,Zimbabwe,Bangladesh,6 wickets,Chattogram,"May 5, 2024",T20I # 2589
Indonesia,Thailand,Thailand,17 runs,Bali,"May 5, 2024",T20I # 2588
Indonesia,Thailand,Indonesia,33 runs,Bali,"May 4, 2024",T20I # 2587
Bangladesh,Zimbabwe,Bangladesh,8 wickets,Chattogram,"May 3, 2024",T20I # 2586
Indonesia,Thailand,Indonesia,6 wickets,Bali,"May 2, 2024",T20I # 2585
Indonesia,Thailand,Thailand,8 runs,Bali,"May 1, 2024",T20I # 2584
Pakistan,New Zealand,Pakistan,9 runs,Lahore,"Apr 27, 2024",T20I # 2583
Pakistan,New Zealand,New Zealand,4 runs,Lahore,"Apr 25, 2024",T20I # 2582
Pakistan,New Zealand,New Zealand,7 wickets,Rawalpindi,"Apr 21, 2024",T20I # 2581
Oman,U.A.E.,U.A.E.,55 runs,Al Amerat,"Apr 21, 2024",T20I # 2580
Pakistan,New Zealand,Pakistan,7 wickets,Rawalpindi,"Apr 20, 2024",T20I # 2579
Hong Kong,Nepal,Hong Kong,4 wickets,Al Amerat,"Apr 20, 2024",T20I # 2578
Oman,Hong Kong,Oman,5 wickets,Al Amerat,"Apr 19, 2024",T20I # 2577
Nepal,U.A.E.,U.A.E.,6 wickets,Al Amerat,"Apr 19, 2024",T20I # 2576
Pakistan,New Zealand,no result,-,Rawalpindi,"Apr 18, 2024",T20I # 2575
Cambodia,U.A.E.,U.A.E.,9 wickets,Al Amerat,"Apr 17, 2024",T20I # 2573
Oman,Kuwait,Oman,46 runs,Al Amerat,"Apr 17, 2024",T20I # 2574
Hong Kong,Malaysia,Hong Kong,7 wickets,Al Amerat,"Apr 17, 2024",T20I # 2571
Nepal,Saudi Arabia,Nepal,6 wickets,Al Amerat,"Apr 17, 2024",T20I # 2572
Bahrain,Cambodia,Bahrain,7 wickets,Al Amerat,"Apr 16, 2024",T20I # 2570
Qatar,Saudi Arabia,Qatar,15 runs,Al Amerat,"Apr 16, 2024",T20I # 2569
Oman,U.A.E.,Oman,9 wickets,Al Amerat,"Apr 15, 2024",T20I # 2567
Bahrain,Kuwait,Kuwait,26 runs,Al Amerat,"Apr 15, 2024",T20I # 2568
Hong Kong,Nepal,Nepal,8 wickets,Al Amerat,"Apr 15, 2024",T20I # 2565
Malaysia,Qatar,Qatar,4 wickets,Al Amerat,"Apr 15, 2024",T20I # 2566
Costa Rica,Mexico,Mexico,58 runs,Guacima,"Apr 14, 2024",T20I # 2564
Spain,Jersey,Spain,1 wicket,Cartagena,"Apr 14, 2024",T20I # 2563
Hong Kong,Saudi Arabia,Saudi Arabia,55 runs,Al Amerat,"Apr 14, 2024",T20I # 2562
Spain,Jersey,Spain,5 wickets,Cartagena,"Apr 14, 2024",T20I # 2561
Oman,Cambodia,Oman,63 runs,Al Amerat,"Apr 14, 2024",T20I # 2560
Costa Rica,Mexico,Costa Rica,42 runs,Guacima,"Apr 13, 2024",T20I # 2558
U.S.A.,Canada,U.S.A.,4 wickets,Prairie View,"Apr 13, 2024",T20I # 2559
Nepal,Qatar,Nepal,32 runs,Al Amerat,"Apr 13, 2024",T20I # 2556
Malaysia,Saudi Arabia,Malaysia,12 runs,Al Amerat,"Apr 13, 2024",T20I # 2557
Cambodia,Kuwait,Kuwait,8 wickets,Al Amerat,"Apr 13, 2024",T20I # 2554
Bahrain,U.A.E.,U.A.E.,37 runs,Al Amerat,"Apr 13, 2024",T20I # 2555
Costa Rica,Mexico,Mexico,42 runs,Guacima,"Apr 12, 2024",T20I # 2553
U.S.A.,Canada,U.S.A.,14 runs,Prairie View,"Apr 12, 2024",T20I # 2552
Costa Rica,Mexico,Mexico,22 runs,Guacima,"Apr 12, 2024",T20I # 2551
Malaysia,Nepal,Nepal,5 wickets,Al Amerat,"Apr 12, 2024",T20I # 2549
Hong Kong,Qatar,Hong Kong,26 runs,Al Amerat,"Apr 12, 2024",T20I # 2550
Oman,Bahrain,Oman,3 runs,Al Amerat,"Apr 12, 2024",T20I # 2547
Kuwait,U.A.E.,U.A.E.,7 wickets,Al Amerat,"Apr 12, 2024",T20I # 2548
Costa Rica,Mexico,Costa Rica,8 wickets,Guacima,"Apr 11, 2024",T20I # 2546
U.S.A.,Canada,U.S.A.,31 runs,Prairie View,"Apr 9, 2024",T20I # 2545
U.S.A.,Canada,U.S.A.,6 wickets,Prairie View,"Apr 7, 2024",T20I # 2544
Oman,Namibia,Namibia,62 runs,Al Amerat,"Apr 7, 2024",T20I # 2543
Oman,Namibia,Namibia,24 runs,Al Amerat,"Apr 5, 2024",T20I # 2542
Oman,Namibia,Oman,8 wickets,Al Amerat,"Apr 4, 2024",T20I # 2541
Oman,Namibia,Oman,6 runs,Al Amerat,"Apr 2, 2024",T20I # 2540
Oman,Namibia,Namibia,4 wickets,Al Amerat,"Apr 1, 2024",T20I # 2539
Eswatini,Lesotho,Eswatini,3 wickets,Malkerns,"Mar 31, 2024",T20I # 2538
Eswatini,Lesotho,Eswatini,39 runs,Malkerns,"Mar 30, 2024",T20I # 2537
Eswatini,Lesotho,Lesotho,8 wickets,Malkerns,"Mar 30, 2024",T20I # 2536
Eswatini,Lesotho,Lesotho,6 wickets,Malkerns,"Mar 29, 2024",T20I # 2535
Eswatini,Lesotho,Eswatini,55 runs,Malkerns,"Mar 29, 2024",T20I # 2534
Kenya,Uganda,Uganda,106 runs,Accra,"Mar 23, 2024",T20I # 2533
Namibia,Uganda,Namibia,24 runs,Accra,"Mar 21, 2024",T20I # 2532
Namibia,Tanzania,Namibia,7 wickets,Accra,"Mar 20, 2024",T20I # 2531
Ghana,Kenya,Kenya,7 wickets,Accra,"Mar 20, 2024",T20I # 2530
Afghanistan,Ireland,Afghanistan,57 runs,Sharjah,"Mar 18, 2024",T20I # 2529
Ghana,Uganda,Uganda,121 runs,Accra,"Mar 18, 2024",T20I # 2528
Namibia,Nigeria,Nigeria,3 wickets,Accra,"Mar 18, 2024",T20I # 2527
Afghanistan,Ireland,Afghanistan,10 runs,Sharjah,"Mar 17, 2024",T20I # 2526
Kenya,Uganda,Uganda,72 runs,Accra,"Mar 17, 2024",T20I # 2525
Nigeria,Tanzania,Tanzania,47 runs,Accra,"Mar 17, 2024",T20I # 2524
Malaysia,P.N.G.,Malaysia,63 runs,Kuala Lumpur,"Mar 17, 2024",T20I # 2523
Malaysia,P.N.G.,P.N.G.,77 runs,Kuala Lumpur,"Mar 16, 2024",T20I # 2522
Afghanistan,Ireland,Ireland,38 runs,Sharjah,"Mar 15, 2024",T20I # 2521
U.A.E.,Scotland,Scotland,32 runs,Dubai (DICS),"Mar 14, 2024",T20I # 2520
U.A.E.,Scotland,Scotland,9 runs,Dubai (DICS),"Mar 13, 2024",T20I # 2519
Nepal,P.N.G.,P.N.G.,86 runs,Mong Kok,"Mar 13, 2024",T20I # 2518
Hong Kong,P.N.G.,P.N.G.,10 wickets,Mong Kok,"Mar 12, 2024",T20I # 2517
Nepal,P.N.G.,Nepal,85 runs,Mong Kok,"Mar 12, 2024",T20I # 2516
U.A.E.,Scotland,U.A.E.,8 wickets,Dubai (DICS),"Mar 11, 2024",T20I # 2515
Malaysia,Bahrain,Bahrain,8 wickets,Kuala Lumpur,"Mar 11, 2024",T20I # 2514
Kuwait,Vanuatu,Kuwait,7 wickets,Kuala Lumpur,"Mar 11, 2024",T20I # 2513
Malaysia,Tanzania,Malaysia,6 wickets,Kuala Lumpur,"Mar 10, 2024",T20I # 2512
Hong Kong,Nepal,no result,-,Mong Kok,"Mar 10, 2024",T20I # 2511
Bahrain,Vanuatu,Bahrain,56 runs,Kuala Lumpur,"Mar 10, 2024",T20I # 2510
Bangladesh,Sri Lanka,Sri Lanka,28 runs,Sylhet,"Mar 9, 2024",T20I # 2509
Bahrain,Tanzania,Bahrain,52 runs,Kuala Lumpur,"Mar 9, 2024",T20I # 2508
Hong Kong,Nepal,Hong Kong,73 runs,Mong Kok,"Mar 9, 2024",T20I # 2507
Malaysia,Kuwait,Malaysia,7 wickets,Kuala Lumpur,"Mar 9, 2024",T20I # 2506
Oman,P.N.G.,Oman,4 wickets,Al Amerat,"Mar 8, 2024",T20I # 2505
Oman,P.N.G.,P.N.G.,8 wickets,Al Amerat,"Mar 7, 2024",T20I # 2504
Kuwait,Vanuatu,Kuwait,8 wickets,Kuala Lumpur,"Mar 7, 2024",T20I # 2503
Malaysia,Bahrain,Bahrain,9 wickets,Kuala Lumpur,"Mar 7, 2024",T20I # 2502
Bangladesh,Sri Lanka,Bangladesh,8 wickets,Sylhet,"Mar 6, 2024",T20I # 2501
Oman,P.N.G.,Oman,3 wickets,Al Amerat,"Mar 6, 2024",T20I # 2500
Malaysia,Vanuatu,Malaysia,52 runs,Kuala Lumpur,"Mar 6, 2024",T20I # 2499
Kuwait,Tanzania,Kuwait,5 wickets,Kuala Lumpur,"Mar 6, 2024",T20I # 2498
Bahrain,Kuwait,Bahrain,28 runs,Kuala Lumpur,"Mar 5, 2024",T20I # 2496
Nepal,Netherlands,Netherlands,4 wickets,Kirtipur,"Mar 5, 2024",T20I # 2497
Tanzania,Vanuatu,Vanuatu,9 runs,Kuala Lumpur,"Mar 5, 2024",T20I # 2495
Bangladesh,Sri Lanka,Sri Lanka,3 runs,Sylhet,"Mar 4, 2024",T20I # 2494
Namibia,Netherlands,no result,-,Kirtipur,"Mar 3, 2024",T20I # 2493
Nepal,Netherlands,Nepal,6 wickets,Kirtipur,"Mar 2, 2024",T20I # 2492
Qatar,Hong Kong,tied,-,Doha,"Mar 1, 2024",T20I # 2491
Nepal,Namibia,Nepal,3 runs,Kirtipur,"Mar 1, 2024",T20I # 2490
Qatar,Hong Kong,Qatar,4 wickets,Doha,"Feb 29, 2024",T20I # 2489
Namibia,Netherlands,Netherlands,59 runs,Kirtipur,"Feb 29, 2024",T20I # 2488
Nepal,Netherlands,Netherlands,2 runs,Kirtipur,"Feb 28, 2024",T20I # 2487
Qatar,Hong Kong,Hong Kong,10 runs,Doha,"Feb 27, 2024",T20I # 2486
Nepal,Namibia,Namibia,20 runs,Kirtipur,"Feb 27, 2024",T20I # 2485
New Zealand,Australia,Australia,27 runs,Auckland,"Feb 25, 2024",T20I # 2484
New Zealand,Australia,Australia,72 runs,Auckland,"Feb 23, 2024",T20I # 2483
Sri Lanka,Afghanistan,Afghanistan,3 runs,Dambulla,"Feb 21, 2024",T20I # 2482
New Zealand,Australia,Australia,6 wickets,Wellington,"Feb 21, 2024",T20I # 2481
Sri Lanka,Afghanistan,Sri Lanka,72 runs,Dambulla,"Feb 19, 2024",T20I # 2480
Sri Lanka,Afghanistan,Sri Lanka,4 runs,Dambulla,"Feb 17, 2024",T20I # 2479
Hong Kong,Japan,Hong Kong,34 runs,Mong Kok,"Feb 17, 2024",T20I # 2478
Bhutan,Maldives,Bhutan,4 wickets,Bangkok,"Feb 16, 2024",T20I # 2477
China,Japan,Japan,44 runs,Mong Kok,"Feb 16, 2024",T20I # 2476
Thailand,Saudi Arabia,Saudi Arabia,8 wickets,Bangkok,"Feb 16, 2024",T20I # 2475
Hong Kong,China,Hong Kong,10 wickets,Mong Kok,"Feb 16, 2024",T20I # 2474
Bhutan,Saudi Arabia,Saudi Arabia,166 runs,Bangkok,"Feb 15, 2024",T20I # 2473
Hong Kong,Japan,Hong Kong,27 runs,Mong Kok,"Feb 15, 2024",T20I # 2472
Thailand,Maldives,Thailand,8 wickets,Bangkok,"Feb 15, 2024",T20I # 2471
China,Japan,Japan,180 runs,Mong Kok,"Feb 15, 2024",T20I # 2470
Hong Kong,Japan,Hong Kong,7 wickets,Mong Kok,"Feb 14, 2024",T20I # 2469
Hong Kong,China,Hong Kong,123 runs,Mong Kok,"Feb 14, 2024",T20I # 2468
Australia,West Indies,West Indies,37 runs,Perth,"Feb 13, 2024",T20I # 2467
Bhutan,Maldives,Maldives,9 wickets,Bangkok,"Feb 13, 2024",T20I # 2466
Thailand,Saudi Arabia,Saudi Arabia,5 wickets,Bangkok,"Feb 13, 2024",T20I # 2465
Maldives,Saudi Arabia,Saudi Arabia,98 runs,Bangkok,"Feb 12, 2024",T20I # 2464
Thailand,Bhutan,Thailand,10 wickets,Bangkok,"Feb 12, 2024",T20I # 2463
Australia,West Indies,Australia,34 runs,Adelaide,"Feb 11, 2024",T20I # 2462
Cambodia,Saudi Arabia,Saudi Arabia,5 wickets,Bangkok,"Feb 11, 2024",T20I # 2461
Japan,Singapore,Singapore,8 wickets,Bangkok,"Feb 11, 2024",T20I # 2460
Australia,West Indies,Australia,11 runs,Hobart,"Feb 9, 2024",T20I # 2459
Cambodia,Singapore,Cambodia,6 wickets,Bangkok,"Feb 9, 2024",T20I # 2458
Japan,Saudi Arabia,Saudi Arabia,10 wickets,Bangkok,"Feb 9, 2024",T20I # 2457
Bhutan,Maldives,Maldives,32 runs,Bangkok,"Feb 7, 2024",T20I # 2456
Thailand,Indonesia,Thailand,7 wickets,Bangkok,"Feb 7, 2024",T20I # 2455
Thailand,Maldives,Thailand,8 wickets,Bangkok,"Feb 6, 2024",T20I # 2454
Japan,Singapore,Singapore,34 runs,Bangkok,"Feb 6, 2024",T20I # 2453
Bhutan,Cambodia,Cambodia,10 runs,Bangkok,"Feb 5, 2024",T20I # 2452
Indonesia,Saudi Arabia,Saudi Arabia,82 runs,Bangkok,"Feb 5, 2024",T20I # 2451
Japan,Maldives,Japan,42 runs,Bangkok,"Feb 4, 2024",T20I # 2450
Thailand,Singapore,Thailand,7 wickets,Bangkok,"Feb 4, 2024",T20I # 2449
Cambodia,Indonesia,Cambodia,6 wickets,Bangkok,"Feb 3, 2024",T20I # 2448
Bhutan,Saudi Arabia,Saudi Arabia,8 wickets,Bangkok,"Feb 3, 2024",T20I # 2447
Thailand,Japan,Japan,46 runs,Bangkok,"Feb 2, 2024",T20I # 2446
Maldives,Singapore,Singapore,41 runs,Bangkok,"Feb 2, 2024",T20I # 2445
Bhutan,Indonesia,Indonesia,16 runs,Bangkok,"Feb 1, 2024",T20I # 2444
Cambodia,Saudi Arabia,Saudi Arabia,88 runs,Bangkok,"Feb 1, 2024",T20I # 2443
China,Myanmar,China,47 runs,Bangkok,"Jan 30, 2024",T20I # 2442
China,Myanmar,Myanmar,1 wicket,Bangkok,"Jan 29, 2024",T20I # 2441
Cambodia,China,Cambodia,93 runs,Bangkok,"Jan 28, 2024",T20I # 2440
Cambodia,Myanmar,Cambodia,7 wickets,Bangkok,"Jan 27, 2024",T20I # 2439
New Zealand,Pakistan,Pakistan,42 runs,Christchurch,"Jan 21, 2024",T20I # 2438
New Zealand,Pakistan,New Zealand,7 wickets,Christchurch,"Jan 19, 2024",T20I # 2437
Sri Lanka,Zimbabwe,Sri Lanka,9 wickets,Colombo (RPS),"Jan 18, 2024",T20I # 2436
India,Afghanistan,tied,-,Bengaluru,"Jan 17, 2024",T20I # 2435
New Zealand,Pakistan,New Zealand,45 runs,Dunedin,"Jan 17, 2024",T20I # 2434
Sri Lanka,Zimbabwe,Zimbabwe,4 wickets,Colombo (RPS),"Jan 16, 2024",T20I # 2433
India,Afghanistan,India,6 wickets,Indore,"Jan 14, 2024",T20I # 2431
Sri Lanka,Zimbabwe,Sri Lanka,3 wickets,Colombo (RPS),"Jan 14, 2024",T20I # 2432
New Zealand,Pakistan,New Zealand,21 runs,Hamilton,"Jan 14, 2024",T20I # 2430
New Zealand,Pakistan,New Zealand,46 runs,Auckland,"Jan 12, 2024",T20I # 2429
India,Afghanistan,India,6 wickets,Mohali,"Jan 11, 2024",T20I # 2428
U.A.E.,Afghanistan,Afghanistan,4 wickets,Sharjah,"Jan 2, 2024",T20I # 2427
